TIMESTAMP,역률평균,R상역률,S상역률,T상역률,LABEL_NAME,predict,predict_low,predict_up,sigma_upper,sigma_lower
2020-11-15 18:00:00,0.9434773,0.93723977,0.9398438,0.9476565,0.0,0.9470901271840501,0.9448994917205094,0.9492807626475906,0.9644350209273398,0.929738839622587
2020-11-15 18:30:00,0.94560504,0.9386721,0.94257826,0.94947934,0.0,0.946160736947771,0.9438884447872501,0.9484330293380526,0.9644350209273398,0.929738839622587
2020-11-15 19:00:00,0.9486923,0.94192725,0.9457032,0.95260435,0.0,0.9463760217359776,0.9446379855275018,0.9481140579444534,0.9644350209273398,0.929738839622587
2020-11-15 19:30:00,0.95120317,0.94427097,0.94752604,0.9553388,0.0,0.9483151407688002,0.9464090535022405,0.95022122803536,0.9644350209273398,0.929738839622587
2020-11-15 20:00:00,0.9498681,0.94296885,0.94713545,0.95377624,0.0,0.950496621161688,0.9489535155059771,0.9520397268748391,0.9644350209273398,0.929738839622587
2020-11-15 20:30:00,0.94929606,0.9427085,0.9458334,0.9532555,0.0,0.9504037528928451,0.9493716600872175,0.9514358456410325,0.9644350209273398,0.929738839622587
2020-11-15 21:00:00,0.9487122,0.9416669,0.9454428,0.9528647,0.0,0.9503374301903322,0.94895602047121,0.9517188398520143,0.9644350209273398,0.929738839622587
2020-11-15 21:30:00,0.94975674,0.9429689,0.94635427,0.9536461,0.0,0.9499747595963918,0.9487922815605686,0.9511572375604148,0.9644350209273398,0.929738839622587
2020-11-15 22:00:00,0.9496361,0.9430991,0.9457033,0.9535159,0.0,0.9502185691448671,0.9489586140091646,0.9514785242518496,0.9644350209273398,0.929738839622587
2020-11-15 22:30:00,0.9475178,0.94062525,0.9436199,0.9518232,0.0,0.9502525885371841,0.949186210290794,0.9513189667548542,0.9644350209273398,0.929738839622587
2020-11-15 23:00:00,0.95140976,0.944271,0.9477865,0.95625025,0.0,0.9498840890669238,0.9487521411153949,0.951016037075893,0.9644350209273398,0.929738839622587
2020-11-15 23:30:00,0.9501789,0.9425783,0.9471355,0.9549482,0.0,0.9503442777462908,0.9493428236351185,0.951345731800023,0.9644350209273398,0.929738839622587
2020-11-16 00:00:00,0.9492036,0.9414064,0.94570327,0.9546877,0.0,0.9504457659445669,0.9492995656828809,0.9515919662636929,0.9644350209273398,0.929738839622587
2020-11-16 00:30:00,0.9507234,0.942969,0.94687515,0.9557294,0.0,0.9503686279211124,0.9492550577753938,0.9514821980093908,0.9644350209273398,0.929738839622587
2020-11-16 01:00:00,0.9494531,0.9421877,0.9457032,0.954167,0.0,0.950780537028704,0.9496008599257011,0.9519602140742668,0.9644350209273398,0.929738839622587
2020-11-16 01:30:00,0.950936,0.94361997,0.9476564,0.95625025,0.0,0.951030970195507,0.9498751770542939,0.9521867633367201,0.9644350209273398,0.929738839622587
2020-11-16 02:00:00,0.94970465,0.94244814,0.94609386,0.9546877,0.0,0.9512484688422324,0.9497748574760057,0.9527220800935788,0.9644350209273398,0.929738839622587
2020-11-16 02:30:00,0.95030046,0.9428388,0.9468751,0.9553388,0.0,0.9509480284473414,0.9497444864526806,0.9521515704420022,0.9644350209273398,0.929738839622587
2020-11-16 03:00:00,0.95019376,0.9428387,0.9466146,0.9550784,0.0,0.951075079181106,0.9498393117651018,0.9523108467119905,0.9644350209273398,0.929738839622587
2020-11-16 03:30:00,0.94999784,0.9425783,0.9466147,0.95507836,0.0,0.9510164215228617,0.9494285244637702,0.952604318581953,0.9644350209273398,0.929738839622587
2020-11-16 04:00:00,0.95089185,0.94362,0.94765633,0.9559899,0.0,0.951246111842843,0.9503337125197914,0.9521585112807751,0.9644350209273398,0.929738839622587
2020-11-16 04:30:00,0.9476559,0.940495,0.9447918,0.9527346,0.0,0.9512314000401527,0.9498451837574393,0.9526176162079858,0.9644350209273398,0.929738839622587
2020-11-16 05:00:00,0.9491717,0.9420575,0.9457032,0.9537762,0.0,0.9505483199449501,0.9493433426643743,0.9517532972829662,0.9644350209273398,0.929738839622587
2020-11-16 05:30:00,0.94924855,0.9432293,0.9457032,0.9535159,0.0,0.9506188290871226,0.9494125529410037,0.9518251051758013,0.9644350209273398,0.929738839622587
2020-11-16 06:00:00,0.9493468,0.94687515,0.9485679,0.9467449,0.0,0.9506423766793549,0.9494228293296753,0.9518619240864746,0.9644350209273398,0.929738839622587
2020-11-16 06:30:00,0.9454674,0.94388044,0.945313,0.94153625,0.0,0.9510630058345727,0.9498549816696057,0.9522710301144202,0.9644350209273398,0.929738839622587
2020-11-16 07:00:00,0.9464418,0.9440106,0.94700557,0.94296885,0.0,0.9484940783449001,0.9458850517669665,0.9511031049228337,0.9644350209273398,0.929738839622587
2020-11-16 07:30:00,0.9466423,0.94427115,0.9475264,0.9417967,0.0,0.9484719692839517,0.9467439576465005,0.9501999809214029,0.9644350209273398,0.929738839622587
2020-11-16 08:00:00,0.95040864,0.94674516,0.951823,0.9463546,0.0,0.9486912088269458,0.9465428058939657,0.950839611759926,0.9644350209273398,0.929738839622587
2020-11-16 08:30:00,0.9554878,0.952474,0.9574217,0.9509116,0.0,0.9526632960669899,0.9503428522826425,0.9549837398513371,0.9644350209273398,0.929738839622587
2020-11-16 09:00:00,0.96056515,0.9570312,0.96132857,0.9570313,0.0,0.9567482532149164,0.954171763958377,0.9593247424714558,0.9644350209273398,0.929738839622587
2020-11-16 09:30:00,0.9634321,0.9604171,0.9639326,0.960938,0.0,0.9589420467382715,0.9551170534002653,0.9627670400762778,0.9644350209273398,0.929738839622587
2020-11-16 10:00:00,0.96366495,0.95950544,0.9645836,0.9610682,0.0,0.9603325139372204,0.9559658732478071,0.9646991541671126,0.9644350209273398,0.929738839622587
2020-11-16 10:30:00,0.9496153,0.94557315,0.9511719,0.9457034,0.0,0.9606642432491403,0.9571795989227265,0.9641488875755542,0.9644350209273398,0.929738839622587
2020-11-16 11:00:00,0.9408661,0.9367188,0.9437502,0.9360678,0.0,0.9475458045422311,0.9404189747716682,0.9546726338532728,0.9644350209273398,0.929738839622587
2020-11-16 11:30:00,0.93830156,0.934245,0.9416665,0.9341148,0.0,0.9438248295839627,0.9405694376537758,0.9470802215141496,0.9644350209273398,0.929738839622587
2020-11-16 12:00:00,0.9368754,0.93177116,0.9395832,0.9326826,0.0,0.941871598653446,0.9389122716716549,0.9448309256352372,0.9644350209273398,0.929738839622587
2020-11-16 12:30:00,0.9390827,0.934245,0.94166666,0.9356772,0.0,0.941683010211981,0.9383195646161689,0.945046455807793,0.9644350209273398,0.929738839622587
2020-11-16 13:00:00,0.9441027,0.940104,0.9458338,0.9404946,0.0,0.9426641450687672,0.9391877013586427,0.9461405887788916,0.9644350209273398,0.929738839622587
2020-11-16 13:30:00,0.9430981,0.9384114,0.945964,0.9386718,0.0,0.9454258085238584,0.9416856947351437,0.9491659225423337,0.9644350209273398,0.929738839622587
2020-11-16 14:00:00,0.943933,0.9393228,0.9455734,0.94114566,0.0,0.9435969290992635,0.9405690351131577,0.9466248228556088,0.9644350209273398,0.929738839622587
2020-11-16 14:30:00,0.9445471,0.940104,0.9463546,0.9410154,0.0,0.9435677545544022,0.9402335395650444,0.9469019693139994,0.9644350209273398,0.929738839622587
2020-11-16 15:00:00,0.94370854,0.9390624,0.9455734,0.9406248,0.0,0.9431460523596173,0.9400049856411228,0.9462871195376331,0.9644350209273398,0.929738839622587
2020-11-16 15:30:00,0.9450433,0.941927,0.9468754,0.9406248,0.0,0.942349758088953,0.9397159706677977,0.9449835455101084,0.9644350209273398,0.929738839622587
2020-11-16 16:00:00,0.942523,0.9385416,0.9447921,0.9378906,0.0,0.9430673055809746,0.9397051709992986,0.9464294401626505,0.9644350209273398,0.929738839622587
2020-11-16 16:30:00,0.9422211,0.93919283,0.94414055,0.9376305,0.0,0.9420807874327041,0.9382949563340033,0.9458666185314049,0.9644350209273398,0.929738839622587
2020-11-16 17:00:00,0.9564195,0.95377624,0.9561202,0.95377636,0.0,0.9419744238862492,0.9384695973863831,0.9454792503861152,0.9644350209273398,0.929738839622587
2020-11-16 17:30:00,0.95574266,0.9531252,0.9549483,0.95312536,0.0,0.9600133102556275,0.955595480736663,0.9644311393150709,0.9644350209273398,0.929738839622587
2020-11-16 18:00:00,0.9504466,0.947917,0.9502607,0.94687533,0.0,0.9575767323541735,0.9538659465904188,0.961287517658407,0.9644350209273398,0.929738839622587
2020-11-16 18:30:00,0.9493527,0.9470054,0.94908875,0.9459639,0.0,0.949538674580234,0.9472677048070002,0.9518096444683481,0.9644350209273398,0.929738839622587
2020-11-16 19:00:00,0.95753145,0.9549482,0.95651084,0.9554692,0.0,0.9471948346159074,0.9449379770850085,0.9494516921468062,0.9644350209273398,0.929738839622587
2020-11-16 19:30:00,0.9516491,0.94726574,0.95039076,0.9522139,0.0,0.9558971513848299,0.9525770076255351,0.9592172953738853,0.9644350209273398,0.929738839622587
2020-11-16 20:00:00,0.94818205,0.942448,0.9458333,0.9507815,0.0,0.9519149364112399,0.949930386350172,0.9538994865871882,0.9644350209273398,0.929738839622587
2020-11-16 20:30:00,0.9487218,0.94296885,0.94635415,0.95091176,0.0,0.9494966182760742,0.9472766094098498,0.9517166270274183,0.9644350209273398,0.929738839622587
2020-11-16 21:00:00,0.9458966,0.9401043,0.9433594,0.9483075,0.0,0.9489678693416109,0.9469985124317464,0.9509372262514755,0.9644350209273398,0.929738839622587
2020-11-16 21:30:00,0.9424446,0.9367188,0.9397134,0.944792,0.0,0.9483853579139362,0.9469472709870117,0.9498234449557409,0.9644350209273398,0.929738839622587
2020-11-16 22:00:00,0.94677824,0.9406252,0.94414055,0.94947946,0.0,0.9483665114538874,0.9463955454154735,0.9503374776071816,0.9644350209273398,0.929738839622587
2020-11-16 22:30:00,0.94787174,0.94257826,0.9442709,0.95104194,0.0,0.9476424076275017,0.9461998431254836,0.9490849723592806,0.9644350209273398,0.929738839622587
2020-11-16 23:00:00,0.9490071,0.9434897,0.94531256,0.95195335,0.0,0.9478330947025314,0.9467027333055702,0.9489634560994926,0.9644350209273398,0.929738839622587
2020-11-16 23:30:00,0.9470382,0.9412762,0.9436199,0.9507815,0.0,0.9482109848773274,0.9466879840518977,0.949733985702757,0.9644350209273398,0.929738839622587
2020-11-17 00:00:00,0.94621146,0.939844,0.94283867,0.9501304,0.0,0.9481393993927789,0.9467864840409026,0.9494923148595356,0.9644350209273398,0.929738839622587
2020-11-17 00:30:00,0.94717956,0.9403648,0.9437501,0.9518232,0.0,0.9478840811129704,0.9466514677359698,0.9491166944899712,0.9644350209273398,0.929738839622587
2020-11-17 01:00:00,0.94839984,0.9410158,0.9450522,0.9528648,0.0,0.9476120672772204,0.9459810549472406,0.9492430797220804,0.9644350209273398,0.929738839622587
2020-11-17 01:30:00,0.9485599,0.941797,0.9447918,0.9524742,0.0,0.9480766965689403,0.9469722370064733,0.9491811561314074,0.9644350209273398,0.929738839622587
2020-11-17 02:00:00,0.948254,0.9415366,0.94479173,0.95221376,0.0,0.9482993736755513,0.9468447878677818,0.9497539594833208,0.9644350209273398,0.929738839622587
2020-11-17 02:30:00,0.9474207,0.9411461,0.94414073,0.95117205,0.0,0.9485081283221051,0.947044543364988,0.9499717132792221,0.9644350209273398,0.929738839622587
2020-11-17 03:00:00,0.94797736,0.94192725,0.94440114,0.9515628,0.0,0.9486675253313028,0.9473993029630892,0.9499357475846362,0.9644350209273398,0.929738839622587
2020-11-17 03:30:00,0.9490193,0.9427085,0.9457032,0.95273465,0.0,0.9487464331721449,0.9475305105261127,0.9499623558181772,0.9644350209273398,0.929738839622587
2020-11-17 04:00:00,0.947389,0.9407554,0.9441408,0.95143247,0.0,0.9489876467917192,0.9477386210387494,0.950236672544689,0.9644350209273398,0.929738839622587
2020-11-17 04:30:00,0.94704777,0.9410158,0.94427097,0.95039076,0.0,0.9491658411496317,0.9478570734405798,0.9504746089161237,0.9644350209273398,0.929738839622587
2020-11-17 05:00:00,0.94716024,0.94036484,0.94401056,0.9513023,0.0,0.9489699444247113,0.947549445558883,0.9503904432905396,0.9644350209273398,0.929738839622587
2020-11-17 05:30:00,0.9498608,0.9446616,0.9466146,0.9533857,0.0,0.9488102395362737,0.9480199188121439,0.9496005603178438,0.9644350209273398,0.929738839622587
2020-11-17 06:00:00,0.9547755,0.9527344,0.9531251,0.951823,0.0,0.9494439433547894,0.9481601028930933,0.9507277838164856,0.9644350209273398,0.929738839622587
2020-11-17 06:30:00,0.95158595,0.9497398,0.9503908,0.9481774,0.0,0.9559869988183927,0.9512123004987736,0.9607616966784905,0.9644350209273398,0.929738839622587
2020-11-17 07:00:00,0.9521517,0.9502606,0.952474,0.948568,0.0,0.954300626584444,0.9508394971093733,0.9577617562892755,0.9644350209273398,0.929738839622587
2020-11-17 07:30:00,0.95263135,0.9503908,0.9528646,0.9494794,0.0,0.9530626593253193,0.9482915824926987,0.9578337356984185,0.9644350209273398,0.929738839622587
2020-11-17 08:00:00,0.95542836,0.9528646,0.95546865,0.9516928,0.0,0.953466472817228,0.9509227290452105,0.9560102165892453,0.9644350209273398,0.929738839622587
2020-11-17 08:30:00,0.960178,0.9569009,0.960938,0.9562498,0.0,0.9546864410883757,0.9511117103773473,0.9582611713398829,0.9644350209273398,0.929738839622587
2020-11-17 09:00:00,0.9617387,0.9583333,0.9621098,0.9582031,0.0,0.95589352208597,0.9527464335712095,0.95904061037097,0.9644350209273398,0.929738839622587
2020-11-17 09:30:00,0.9612378,0.95755196,0.9610682,0.9582031,0.0,0.9561839730632123,0.9521774012804626,0.960190544845962,0.9644350209273398,0.929738839622587
2020-11-17 10:00:00,0.96203196,0.9580729,0.96224,0.9596357,0.0,0.9576331583474504,0.9542409742924466,0.9610253424024543,0.9644350209273398,0.929738839622587
2020-11-17 10:30:00,0.9651362,0.960938,0.964844,0.9625004,0.0,0.9572233674030767,0.9535603752960919,0.9608863592803009,0.9644350209273398,0.929738839622587
2020-11-17 11:00:00,0.9452391,0.9408854,0.9473963,0.9410156,0.0,0.9576765899987218,0.9522846209150126,0.9630685595419523,0.9644350209273398,0.929738839622587
2020-11-17 11:30:00,0.9412188,0.9371094,0.943099,0.9373698,0.0,0.9436147557667706,0.9402133794486124,0.9470161323146893,0.9644350209273398,0.929738839622587
2020-11-17 12:00:00,0.93836343,0.9330732,0.940104,0.934896,0.0,0.9426512426310123,0.9377996301035093,0.9475028551585153,0.9644350209273398,0.929738839622587
2020-11-17 12:30:00,0.93839204,0.9337242,0.9402344,0.9354168,0.0,0.9411846805505744,0.9374450000904017,0.9449243605512258,0.9644350209273398,0.929738839622587
2020-11-17 13:00:00,0.94062114,0.9363282,0.9429689,0.936849,0.0,0.9410346689183378,0.9367499999277239,0.9453193383684727,0.9644350209273398,0.929738839622587
2020-11-17 13:30:00,0.9437457,0.9393228,0.945313,0.9403644,0.0,0.9415875961379537,0.9380229546755664,0.945152237600341,0.9644350209273398,0.929738839622587
2020-11-17 14:00:00,0.9435143,0.9389322,0.9455734,0.939453,0.0,0.9432140762098105,0.9397519125821587,0.9466762396077016,0.9644350209273398,0.929738839622587
2020-11-17 14:30:00,0.9431227,0.9382812,0.945313,0.9399738,0.0,0.9425002618684521,0.9396285035543278,0.9453720201825764,0.9644350209273398,0.929738839622587
2020-11-17 15:00:00,0.9428892,0.9380208,0.9450525,0.9402342,0.0,0.9426534331688275,0.9396910012019268,0.9456158651357284,0.9644350209273398,0.929738839622587
2020-11-17 15:30:00,0.9450693,0.94114566,0.9464848,0.941406,0.0,0.9423206299557383,0.939053848331763,0.9455874115797137,0.9644350209273398,0.929738839622587
2020-11-17 16:00:00,0.9416537,0.9378906,0.9429688,0.9382812,0.0,0.9430826407242453,0.9402929823153503,0.9458722995926615,0.9644350209273398,0.929738839622587
2020-11-17 16:30:00,0.9387889,0.9346356,0.9410154,0.9343752,0.0,0.9415582226203896,0.9379642195879908,0.9451522256527883,0.9644350209273398,0.929738839622587
2020-11-17 17:00:00,0.93693966,0.933594,0.9384114,0.9330732,0.0,0.9410853191889798,0.937353914706582,0.9448167236713775,0.9644350209273398,0.929738839622587
2020-11-17 17:30:00,0.93583804,0.9326826,0.9375,0.9311202,0.0,0.9403056072022681,0.9359449830246263,0.9446662309203886,0.9644350209273398,0.929738839622587
2020-11-17 18:00:00,0.93642366,0.9332034,0.9377604,0.9319014,0.0,0.9396445583078814,0.9355063277122373,0.9437827889035255,0.9644350209273398,0.929738839622587
2020-11-17 18:30:00,0.9364081,0.9339846,0.9378906,0.9307296,0.0,0.9400292786917086,0.9352894649280464,0.9447690924553708,0.9644350209273398,0.929738839622587
2020-11-17 19:00:00,0.9357412,0.9328128,0.9373698,0.9305994,0.0,0.9400948909743635,0.9359769142374872,0.9442128677112399,0.9644350209273398,0.929738839622587
2020-11-17 19:30:00,0.9387556,0.934245,0.93802094,0.9378909,0.0,0.940869332252298,0.9351935564091505,0.9465451080954456,0.9644350209273398,0.929738839622587
2020-11-17 20:00:00,0.94065106,0.9352865,0.9384115,0.942969,0.0,0.9424351031332744,0.9386829218569224,0.9461872844096263,0.9644350209273398,0.929738839622587
2020-11-17 20:30:00,0.9436554,0.9378907,0.9416668,0.9460939,0.0,0.9438501960761966,0.9387720809276474,0.9489283107652244,0.9644350209273398,0.929738839622587
2020-11-17 21:00:00,0.94313204,0.9372397,0.94023436,0.9458335,0.0,0.9452486414831482,0.9420830464391861,0.9484142367568709,0.9644350209273398,0.929738839622587
2020-11-17 21:30:00,0.9419776,0.9358074,0.9394531,0.9446616,0.0,0.9444520186547877,0.9410153313449493,0.9478887064241472,0.9644350209273398,0.929738839622587
2020-11-17 22:00:00,0.94335216,0.93697935,0.940625,0.94648457,0.0,0.9430501167289674,0.9403730401081293,0.9457271933498056,0.9644350209273398,0.929738839622587
2020-11-17 22:30:00,0.94285005,0.9360679,0.9399739,0.94596374,0.0,0.9439828116123407,0.9411967622833705,0.9467688607115503,0.9644350209273398,0.929738839622587
2020-11-17 23:00:00,0.9437306,0.9372397,0.9411458,0.9472659,0.0,0.9440868467646042,0.9416140232052406,0.9465596707834891,0.9644350209273398,0.929738839622587
2020-11-17 23:30:00,0.94265956,0.9355471,0.93971354,0.9467449,0.0,0.9444001217029849,0.9419847098099868,0.9468155338257436,0.9644350209273398,0.929738839622587
2020-11-18 00:00:00,0.9446124,0.9385418,0.9404949,0.9490888,0.0,0.9435944853652376,0.9410032091742829,0.9461857615561923,0.9644350209273398,0.929738839622587
2020-11-18 00:30:00,0.9387768,0.93177116,0.9350261,0.94348985,0.0,0.9451412118473853,0.9424456059510435,0.9478368179734876,0.9644350209273398,0.929738839622587
2020-11-18 01:00:00,0.9436534,0.93671906,0.9399741,0.94856787,0.0,0.9440743234318835,0.9420888878733602,0.9460597589904068,0.9644350209273398,0.929738839622587
2020-11-18 01:30:00,0.9443678,0.9381513,0.9407553,0.9493492,0.0,0.9442428013852119,0.9416811675317546,0.9468044352386693,0.9644350209273398,0.929738839622587
2020-11-18 02:00:00,0.94404626,0.9378907,0.9401043,0.9481774,0.0,0.9446918938038309,0.9426275249010359,0.9467562627066259,0.9644350209273398,0.929738839622587
2020-11-18 02:30:00,0.94082993,0.934896,0.9372396,0.9444013,0.0,0.9447800961513062,0.9429573210070424,0.9466028712955701,0.9644350209273398,0.929738839622587
2020-11-18 03:00:00,0.9405112,0.9345054,0.9373698,0.94427115,0.0,0.9442877866778413,0.9421535682469131,0.9464220048790088,0.9644350209273398,0.929738839622587
2020-11-18 03:30:00,0.9417272,0.9354168,0.9385417,0.9459638,0.0,0.9438210674834606,0.9408392593433862,0.9468028758532956,0.9644350209273398,0.929738839622587
2020-11-18 04:00:00,0.9415119,0.9350262,0.9382814,0.94583344,0.0,0.9434604545036328,0.94125899984194,0.9456619091653257,0.9644350209273398,0.929738839622587
2020-11-18 04:30:00,0.9409718,0.9346356,0.9376304,0.9451823,0.0,0.9435438727753384,0.9409115935029367,0.9461761520477399,0.9644350209273398,0.929738839622587
2020-11-18 05:00:00,0.9410728,0.9352866,0.9373699,0.94531274,0.0,0.9431389164540723,0.940349271830815,0.9459285606178084,0.9644350209273398,0.929738839622587
2020-11-18 05:30:00,0.94109434,0.935547,0.938151,0.9446618,0.0,0.9432565373521946,0.9407278631201633,0.9457852115842258,0.9644350209273398,0.929738839622587
2020-11-18 06:00:00,0.9405854,0.9354168,0.9372396,0.9441409,0.0,0.9429434181915188,0.9403107832496671,0.9455760531333706,0.9644350209273398,0.929738839622587
2020-11-18 06:30:00,0.9406664,0.9350262,0.9371094,0.9441409,0.0,0.9428714066158881,0.9411856712783968,0.9445571419533794,0.9644350209273398,0.929738839622587
2020-11-18 07:00:00,0.9404115,0.93528664,0.9385417,0.9415367,0.0,0.9425555027564163,0.9403274684663805,0.9447835370464522,0.9644350209273398,0.929738839622587
2020-11-18 07:30:00,0.94382405,0.9404949,0.94440114,0.94088566,0.0,0.94266667197614,0.9404975234966507,0.9448358204556291,0.9644350209273398,0.929738839622587
2020-11-18 08:00:00,0.93978256,0.93606794,0.9412761,0.9359379,0.0,0.9438410805530916,0.9412544818289759,0.9464276790474466,0.9644350209273398,0.929738839622587
2020-11-18 08:30:00,0.9380554,0.9341148,0.9411456,0.9333336,0.0,0.9432332014843797,0.9396270753622721,0.9468393280660088,0.9644350209273398,0.929738839622587
2020-11-18 09:00:00,0.9376146,0.9334638,0.9399738,0.933594,0.0,0.9411620151242683,0.9387286938499376,0.943595336398599,0.9644350209273398,0.929738839622587
2020-11-18 09:30:00,0.9397574,0.9352866,0.9417967,0.9363282,0.0,0.9400712890437429,0.936822331330147,0.9433202467573389,0.9644350209273398,0.929738839622587
2020-11-18 10:00:00,0.9417566,0.9371094,0.9440107,0.9386718,0.0,0.9416539482498267,0.937503910715096,0.9458039853250362,0.9644350209273398,0.929738839622587
2020-11-18 10:30:00,0.9425538,0.9377604,0.9445316,0.9395832,0.0,0.9428000121773008,0.9387075926339785,0.9468924317206231,0.9644350209273398,0.929738839622587
2020-11-18 11:00:00,0.94085574,0.9364584,0.9420572,0.938151,0.0,0.9438536300785237,0.9401554034901475,0.9475518566668999,0.9644350209273398,0.929738839622587
2020-11-18 11:30:00,0.94106895,0.936198,0.9421874,0.9389322,0.0,0.9426557730510502,0.9389139333005075,0.9463976125718323,0.9644350209273398,0.929738839622587
2020-11-18 12:00:00,0.9406626,0.9356772,0.941406,0.9382812,0.0,0.9419643759945209,0.9375426924708036,0.9463860599777595,0.9644350209273398,0.929738839622587
2020-11-18 12:30:00,0.94226193,0.936849,0.94322926,0.9402342,0.0,0.9421464318818468,0.9377181000046343,0.9465747637590592,0.9644350209273398,0.929738839622587
2020-11-18 13:00:00,0.9443379,0.9398436,0.945313,0.9423176,0.0,0.9427701037769977,0.9385505273505012,0.9469896802034942,0.9644350209273398,0.929738839622587
2020-11-18 13:30:00,0.9445088,0.9404946,0.9455734,0.94153625,0.0,0.9451985876710931,0.9410829351927168,0.9493142401494694,0.9644350209273398,0.929738839622587
2020-11-18 14:00:00,0.94584537,0.941406,0.946615,0.94322926,0.0,0.944889605120741,0.9409758336551289,0.9488033765863533,0.9644350209273398,0.929738839622587
2020-11-18 14:30:00,0.9457105,0.94153625,0.9464848,0.9429688,0.0,0.9459476031785521,0.9431857007724089,0.9487095055846951,0.9644350209273398,0.929738839622587
2020-11-18 15:00:00,0.94377357,0.9389322,0.94518274,0.941406,0.0,0.9456543936952252,0.9423977844932379,0.9489110028972126,0.9644350209273398,0.929738839622587
2020-11-18 15:30:00,0.9433001,0.9390624,0.9444013,0.9406249,0.0,0.943595443467051,0.9403233980271173,0.9468674889069849,0.9644350209273398,0.929738839622587
2020-11-18 16:00:00,0.9316148,0.9256511,0.9307291,0.93216175,0.0,0.942780119042717,0.9400075571220572,0.9455526809633767,0.9644350209273398,0.929738839622587
2020-11-18 16:30:00,0.92597824,0.919271,0.9252602,0.92786473,0.0,0.9416666236840824,0.9387842260743765,0.9445490212937881,0.9644350209273398,0.929738839622587
2020-11-18 17:00:00,0.92624617,0.9203126,0.9256508,0.92799497,0.0,0.9393592397235192,0.9347356186659235,0.943982861240636,0.9644350209273398,0.929738839622587
2020-11-18 17:30:00,0.9273719,0.921224,0.9261717,0.9287764,0.0,0.9369110354748312,0.9327323872278172,0.9410896837218452,0.9644350209273398,0.929738839622587
2020-11-18 18:00:00,0.9311936,0.9253906,0.9294269,0.93333375,0.0,0.9362406426752766,0.9312222974561658,0.9412589878943873,0.9644350209273398,0.929738839622587
2020-11-18 18:30:00,0.9319142,0.9264324,0.92994785,0.9339846,0.0,0.9383367020017956,0.9332762894500151,0.943397114094055,0.9644350209273398,0.929738839622587
2020-11-18 19:00:00,0.937062,0.9311199,0.9352864,0.9397138,0.0,0.9390424384190393,0.9335214697719296,0.9445634075256704,0.9644350209273398,0.929738839622587
2020-11-18 19:30:00,0.93907565,0.93255216,0.9373699,0.94179714,0.0,0.9410811779834436,0.9361343370284997,0.9460280189383874,0.9644350209273398,0.929738839622587
2020-11-18 20:00:00,0.9419815,0.9359376,0.9395835,0.9446617,0.0,0.9410738026673254,0.9358941140218676,0.9462534917723044,0.9644350209273398,0.929738839622587
2020-11-18 20:30:00,0.93957275,0.93398446,0.9371094,0.94153666,0.0,0.9418214455848002,0.9373357829169627,0.9463071082526378,0.9644350209273398,0.929738839622587
2020-11-18 21:00:00,0.9409991,0.93541676,0.938672,0.94335955,0.0,0.9409835205266569,0.9371707835395231,0.9447962575137906,0.9644350209273398,0.929738839622587
2020-11-18 21:30:00,0.9413671,0.9350261,0.938672,0.9444012,0.0,0.9411319651914192,0.9376342631090668,0.9446296672737715,0.9644350209273398,0.929738839622587
2020-11-18 22:00:00,0.9418704,0.9356772,0.9397136,0.9449221,0.0,0.9411884403534702,0.9369509825764375,0.9454258981305028,0.9644350209273398,0.929738839622587
2020-11-18 22:30:00,0.9424969,0.93658864,0.9398438,0.94544286,0.0,0.9419706383501631,0.9381593194456176,0.9457819572547087,0.9644350209273398,0.929738839622587
2020-11-18 23:00:00,0.94292986,0.9365886,0.9402345,0.9462242,0.0,0.9430735559890643,0.939758307279922,0.9463888051577277,0.9644350209273398,0.929738839622587
2020-11-18 23:30:00,0.94085085,0.93411475,0.9388021,0.94401056,0.0,0.9434791896446579,0.9396652762831152,0.9472931027764399,0.9644350209273398,0.929738839622587
2020-11-19 00:00:00,0.940429,0.9343752,0.9380209,0.94361985,0.0,0.9434724742010597,0.9400746178157031,0.9468703301268951,0.9644350209273398,0.929738839622587
2020-11-19 00:30:00,0.9399859,0.9335939,0.93763024,0.94335955,0.0,0.9427421635062232,0.9401802884041077,0.9453040386083386,0.9644350209273398,0.929738839622587
2020-11-19 01:00:00,0.9413936,0.9343751,0.9385417,0.9450523,0.0,0.9422023942181789,0.9398797936708284,0.9445249947655294,0.9644350209273398,0.929738839622587
2020-11-19 01:30:00,0.9424213,0.9363282,0.94010425,0.94596374,0.0,0.9422342326077466,0.9388973648021925,0.9455711004133006,0.9644350209273398,0.929738839622587
2020-11-19 02:00:00,0.9423864,0.93567723,0.93958336,0.9455731,0.0,0.9431449568609491,0.9404274419102846,0.9458624722711348,0.9644350209273398,0.929738839622587
2020-11-19 02:30:00,0.94079804,0.93463564,0.9385417,0.94414085,0.0,0.9434662688260529,0.9405353273911309,0.9463972104907356,0.9644350209273398,0.929738839622587
2020-11-19 03:00:00,0.93996906,0.9333336,0.9371095,0.9438803,0.0,0.9431739191069913,0.9409231311625689,0.9454247070514138,0.9644350209273398,0.929738839622587
2020-11-19 03:30:00,0.94098586,0.9343751,0.9385418,0.9446616,0.0,0.9422776950469419,0.939362800094191,0.9451925899996929,0.9644350209273398,0.929738839622587
2020-11-19 04:00:00,0.94134825,0.93515635,0.93867195,0.9446617,0.0,0.9427376983382032,0.9399595858603228,0.9455158108160836,0.9644350209273398,0.929738839622587
2020-11-19 04:30:00,0.9417947,0.93528664,0.93893236,0.9455731,0.0,0.9427741415902519,0.9402711513796407,0.9452771318008631,0.9644350209273398,0.929738839622587
2020-11-19 05:00:00,0.9428949,0.93593764,0.9403647,0.9464846,0.0,0.9429163243588932,0.9397579837769595,0.9460746649408268,0.9644350209273398,0.929738839622587
2020-11-19 05:30:00,0.9415033,0.93502617,0.9390625,0.94466174,0.0,0.9436446030507469,0.9405243236951955,0.9467648826360591,0.9644350209273398,0.929738839622587
2020-11-19 06:00:00,0.9417958,0.9358074,0.9394532,0.94440126,0.0,0.9434263093173727,0.9403412807562171,0.9465113381082889,0.9644350209273398,0.929738839622587
2020-11-19 06:30:00,0.94110954,0.9347657,0.938672,0.94388044,0.0,0.9430021243292555,0.9400590832402084,0.9459451654183024,0.9644350209273398,0.929738839622587
2020-11-19 07:00:00,0.9417688,0.93658864,0.940625,0.9421877,0.0,0.9431281847947188,0.9402721972500135,0.9459841727989454,0.9644350209273398,0.929738839622587
2020-11-19 07:30:00,0.9374343,0.9337242,0.9380208,0.933594,0.0,0.9429326254158387,0.940380576256686,0.9454846745749912,0.9644350209273398,0.929738839622587
2020-11-19 08:00:00,0.9414775,0.9371094,0.9421874,0.9390624,0.0,0.9414671776744403,0.9382025181196134,0.9447318372292672,0.9644350209273398,0.929738839622587
2020-11-19 08:30:00,0.9432331,0.9382812,0.945313,0.9402342,0.0,0.942045259087471,0.9382446589756839,0.9458458591992582,0.9644350209273398,0.929738839622587
2020-11-19 09:00:00,0.9447302,0.9406248,0.9455734,0.94153625,0.0,0.9435781176777104,0.9388723971744066,0.9482838381810141,0.9644350209273398,0.929738839622587
2020-11-19 09:30:00,0.9455429,0.9411456,0.945964,0.94244784,0.0,0.9446231402338873,0.9410972989080576,0.9481489817894775,0.9644350209273398,0.929738839622587
2020-11-19 10:00:00,0.9439635,0.9395832,0.94466186,0.9416665,0.0,0.9452197049702962,0.9422025118556198,0.9482368983147331,0.9644350209273398,0.929738839622587
2020-11-19 10:30:00,0.94609016,0.941406,0.9467452,0.94361997,0.0,0.9445515946128076,0.9405800434043058,0.9485231458213094,0.9644350209273398,0.929738839622587
2020-11-19 11:00:00,0.94689775,0.94244784,0.948568,0.9449223,0.0,0.9452971430324091,0.941466207165553,0.9491280791290257,0.9644350209273398,0.929738839622587
2020-11-19 11:30:00,0.9443221,0.940755,0.9450525,0.9412758,0.0,0.9467968120108349,0.9438559943153728,0.9497376294765364,0.9644350209273398,0.929738839622587
2020-11-19 12:00:00,0.9436212,0.9399738,0.9440107,0.9408852,0.0,0.9447415386419704,0.9419139894890783,0.9475690877948624,0.9644350209273398,0.929738839622587
2020-11-19 12:30:00,0.94479424,0.9411456,0.945313,0.9420572,0.0,0.9430611723508046,0.9393638818072216,0.9467584628943875,0.9644350209273398,0.929738839622587
2020-11-19 13:00:00,0.94616026,0.9420572,0.947917,0.9423176,0.0,0.9433418244968379,0.9405453219783938,0.946138327015282,0.9644350209273398,0.929738839622587
2020-11-19 13:30:00,0.946303,0.9420572,0.9477868,0.9423176,0.0,0.9447237923906827,0.9411130843821567,0.9483344999396875,0.9644350209273398,0.929738839622587
2020-11-19 14:00:00,0.94504035,0.9411456,0.9454432,0.941406,0.0,0.9459297434255148,0.9432053476036009,0.9486541392474287,0.9644350209273398,0.929738839622587
2020-11-19 14:30:00,0.94522554,0.9412758,0.9460942,0.941406,0.0,0.9451039354833041,0.9420296362838957,0.9481782349124731,0.9644350209273398,0.929738839622587
2020-11-19 15:00:00,0.94339126,0.9391926,0.9450525,0.9406248,0.0,0.9446630211644331,0.9420278423129221,0.9472981997861833,0.9644350209273398,0.929738839622587
2020-11-19 15:30:00,0.9448741,0.9410154,0.9460942,0.941406,0.0,0.9436589883635866,0.9408748529406371,0.9464431237865363,0.9644350209273398,0.929738839622587
2020-11-19 16:00:00,0.9431378,0.939453,0.9450525,0.9389322,0.0,0.9444222862511246,0.9404386312528065,0.9484059412494427,0.9644350209273398,0.929738839622587
2020-11-19 16:30:00,0.94405115,0.9403644,0.9449223,0.940755,0.0,0.9435999426396438,0.9395740263906869,0.9476258584290794,0.9644350209273398,0.929738839622587
2020-11-19 17:00:00,0.94248956,0.9389322,0.9440107,0.9386718,0.0,0.9441766096462564,0.9401175885671572,0.9482356302658342,0.9644350209273398,0.929738839622587
2020-11-19 17:30:00,0.9421466,0.9380208,0.94322926,0.9382812,0.0,0.9434362869023493,0.9399761286254477,0.9468964451792509,0.9644350209273398,0.929738839622587
2020-11-19 18:00:00,0.9416536,0.9382812,0.9423176,0.9377604,0.0,0.9424789966034055,0.9387638527400829,0.946194140466728,0.9644350209273398,0.929738839622587
2020-11-19 18:30:00,0.9398528,0.9364584,0.9412758,0.9365886,0.0,0.9424164888463389,0.9386659443846918,0.946167033307986,0.9644350209273398,0.929738839622587
2020-11-19 19:00:00,0.9379769,0.934245,0.938802,0.9337242,0.0,0.9416318756059378,0.9378843961510512,0.9453793550608243,0.9644350209273398,0.929738839622587
2020-11-19 19:30:00,0.9418744,0.9373699,0.94101566,0.94153666,0.0,0.940526384188496,0.9369821077890198,0.9440706605879722,0.9644350209273398,0.929738839622587
2020-11-19 20:00:00,0.9416507,0.93541676,0.9391928,0.9444013,0.0,0.9425982483424563,0.9383352085577219,0.9468612881271906,0.9644350209273398,0.929738839622587
2020-11-19 20:30:00,0.9423355,0.9364584,0.94010425,0.9449221,0.0,0.9434501051659623,0.939640645024887,0.9472595653070376,0.9644350209273398,0.929738839622587
2020-11-19 21:00:00,0.9439334,0.9384115,0.9414064,0.9463544,0.0,0.9434380790352378,0.939015934152182,0.9478602243778148,0.9644350209273398,0.929738839622587
2020-11-19 21:30:00,0.94554585,0.93932295,0.9429688,0.9484378,0.0,0.9446236659262012,0.9415038024373841,0.9477435294150183,0.9644350209273398,0.929738839622587
2020-11-19 22:00:00,0.94440204,0.93802094,0.94166666,0.9470055,0.0,0.9460637379849406,0.9432009908825968,0.9489264850872844,0.9644350209273398,0.929738839622587
2020-11-19 22:30:00,0.9451599,0.9390626,0.94257814,0.94843775,0.0,0.9450877497661933,0.9428500067111142,0.9473254925915118,0.9644350209273398,0.929738839622587
2020-11-19 23:00:00,0.94535625,0.939323,0.94283855,0.9489587,0.0,0.945725781700515,0.9436978900543413,0.9477536733466886,0.9644350209273398,0.929738839622587
2020-11-19 23:30:00,0.94435,0.9382815,0.9415365,0.9479169,0.0,0.9458344143629195,0.9438392415490352,0.9478295871768038,0.9644350209273398,0.929738839622587
2020-11-20 00:00:00,0.9490055,0.9427085,0.945573,0.9526045,0.0,0.9459266595783828,0.9441563488946697,0.9476969702620959,0.9644350209273398,0.929738839622587
2020-11-20 00:30:00,0.9504021,0.94375014,0.9468751,0.9542971,0.0,0.9482389198636074,0.9467353558681569,0.949742483859058,0.9644350209273398,0.929738839622587
2020-11-20 01:00:00,0.94683075,0.94010437,0.9434896,0.9507815,0.0,0.9497769005362187,0.9481037265281117,0.9514500744868855,0.9644350209273398,0.929738839622587
2020-11-20 01:30:00,0.95118415,0.9450522,0.9483073,0.9548179,0.0,0.9490437286035772,0.9474159550942722,0.9506715021128823,0.9644350209273398,0.929738839622587
2020-11-20 02:00:00,0.9500027,0.94348973,0.9467448,0.9535158,0.0,0.9506557674733218,0.9494175779207906,0.9518939570832932,0.9644350209273398,0.929738839622587
2020-11-20 02:30:00,0.9477826,0.94166684,0.9449219,0.9511722,0.0,0.9504328830651854,0.9493684186242957,0.9514973475060752,0.9644350209273398,0.929738839622587
2020-11-20 03:00:00,0.94886774,0.9428386,0.94544274,0.952344,0.0,0.9502006197708255,0.9489085037908757,0.9514927357507753,0.9644350209273398,0.929738839622587
2020-11-20 03:30:00,0.94944865,0.94335955,0.9458334,0.9529951,0.0,0.9499138305030516,0.9485357372780558,0.9512919236993271,0.9644350209273398,0.929738839622587
2020-11-20 04:00:00,0.9491777,0.94322926,0.9453126,0.95273465,0.0,0.9499590247342508,0.948825703919897,0.9510923455773247,0.9644350209273398,0.929738839622587
2020-11-20 04:30:00,0.94729334,0.9410158,0.9441407,0.95091176,0.0,0.9501183045224487,0.949299185946005,0.9509374230988924,0.9644350209273398,0.929738839622587
2020-11-20 05:00:00,0.94931734,0.9428387,0.9454428,0.95299506,0.0,0.9497570424975705,0.9485740400977369,0.9509400449548443,0.9644350209273398,0.929738839622587
2020-11-20 05:30:00,0.94946456,0.94375014,0.9459636,0.9527346,0.0,0.9498095560981753,0.9486513874044024,0.9509677247345082,0.9644350209273398,0.929738839622587
2020-11-20 06:00:00,0.95156544,0.9459637,0.9484376,0.95481795,0.0,0.9502300351909838,0.949174640005153,0.951285430434255,0.9644350209273398,0.929738839622587
2020-11-20 06:30:00,0.94954294,0.94427097,0.9468751,0.95234394,0.0,0.9509981637669788,0.9499568217462816,0.9520395058451161,0.9644350209273398,0.929738839622587
2020-11-20 07:00:00,0.94932395,0.9451824,0.94817716,0.94895846,0.0,0.9504592605041768,0.9495397452647546,0.9513787757435991,0.9644350209273398,0.929738839622587
2020-11-20 07:30:00,0.9537099,0.9501301,0.9527344,0.95208347,0.0,0.9507425280154242,0.9491793676746889,0.9523056883561597,0.9644350209273398,0.929738839622587
2020-11-20 08:00:00,0.95384854,0.9499999,0.9540367,0.9520834,0.0,0.9547620635820162,0.9497876766255333,0.9597364505384991,0.9644350209273398,0.929738839622587
2020-11-20 08:30:00,0.952166,0.948177,0.95299506,0.9501303,0.0,0.9556666206004759,0.9508330056823862,0.9605002355185657,0.9644350209273398,0.929738839622587
2020-11-20 09:00:00,0.95524305,0.9514322,0.9552086,0.9529949,0.0,0.9549413264991634,0.951066654318445,0.9588159991394032,0.9644350209273398,0.929738839622587
2020-11-20 09:30:00,0.95455265,0.95130205,0.9549482,0.95182294,0.0,0.956032304856857,0.9529646108159459,0.959099998897768,0.9644350209273398,0.929738839622587
2020-11-20 10:00:00,0.95136034,0.94739586,0.9520836,0.9490887,0.0,0.9559269040074281,0.9529329619788953,0.9589208462657216,0.9644350209273398,0.929738839622587
2020-11-20 10:30:00,0.94964033,0.94609386,0.9510418,0.9458336,0.0,0.9530738098382953,0.9492598034236988,0.9568878162528918,0.9644350209273398,0.929738839622587
2020-11-20 11:00:00,0.9470601,0.94322926,0.94856787,0.9430992,0.0,0.9484289590136697,0.9452458521891397,0.9516120659530802,0.9644350209273398,0.929738839622587
2020-11-20 11:30:00,0.9445375,0.9407553,0.94570327,0.9406251,0.0,0.9458282935398232,0.9430661921609774,0.9485903951484297,0.9644350209273398,0.929738839622587
2020-11-20 12:00:00,0.94481903,0.9412761,0.9460939,0.94088537,0.0,0.9439447274098959,0.9408213242288633,0.9470681303611679,0.9644350209273398,0.929738839622587
2020-11-20 12:30:00,0.94329834,0.93958354,0.9450522,0.9397137,0.0,0.9439702119990919,0.9414958067675738,0.9464446176901312,0.9644350209273398,0.929738839622587
2020-11-20 13:00:00,0.94231015,0.9389325,0.9440106,0.9384116,0.0,0.9436489822882924,0.9402119779087893,0.947085986438035,0.9644350209273398,0.929738839622587
2020-11-20 13:30:00,0.9426551,0.93906265,0.9445313,0.9385418,0.0,0.9422332409608816,0.9397100860386257,0.9447563958831374,0.9644350209273398,0.929738839622587
2020-11-20 14:00:00,0.9452811,0.9415366,0.9464845,0.94140637,0.0,0.9420267688712741,0.939048879068928,0.9450046586736202,0.9644350209273398,0.929738839622587
2020-11-20 14:30:00,0.94822717,0.9454428,0.9492189,0.9444012,0.0,0.9433572267302116,0.9403709695053611,0.9463434837253015,0.9644350209273398,0.929738839622587
2020-11-20 15:00:00,0.9513139,0.94791675,0.9514324,0.9485679,0.0,0.947134094637103,0.943560591077582,0.9507075981966239,0.9644350209273398,0.929738839622587
2020-11-20 15:30:00,0.95301384,0.9497396,0.95312524,0.9503908,0.0,0.95159202014256,0.9490124229140227,0.9541716173710971,0.9644350209273398,0.929738839622587
2020-11-20 16:00:00,0.95311165,0.95104176,0.9524741,0.94973963,0.0,0.9544565665003717,0.9517344459979443,0.9571786872325596,0.9644350209273398,0.929738839622587
2020-11-20 16:30:00,0.9544565,0.9523437,0.9541668,0.95169264,0.0,0.9539904244646853,0.9514898329550172,0.9564910159743535,0.9644350209273398,0.929738839622587
2020-11-20 17:00:00,0.9529409,0.950651,0.95260423,0.9492187,0.0,0.9548236922749248,0.9523132883781708,0.9573340964014395,0.9644350209273398,0.929738839622587
2020-11-20 17:30:00,0.95485985,0.9510416,0.9545575,0.95286465,0.0,0.9529378664492335,0.9502935098094878,0.9555822230889792,0.9644350209273398,0.929738839622587
2020-11-20 18:00:00,0.9557065,0.9527343,0.9553388,0.9533855,0.0,0.9546226917048823,0.9520338603967566,0.9572115227832474,0.9644350209273398,0.929738839622587
2020-11-20 18:30:00,0.9554786,0.9527343,0.954948,0.9529947,0.0,0.9565266596594211,0.9529179112792805,0.9601354078098011,0.9644350209273398,0.929738839622587
2020-11-20 19:00:00,0.95607144,0.9532551,0.9557292,0.95377594,0.0,0.956010961013676,0.9530194703012698,0.9590024517260821,0.9644350209273398,0.929738839622587
2020-11-20 19:30:00,0.9548895,0.9503906,0.9526043,0.9558596,0.0,0.9562695170802363,0.9534340260215206,0.9591050085984733,0.9644350209273398,0.929738839622587
2020-11-20 20:00:00,0.9520353,0.94687515,0.9479168,0.9552086,0.0,0.9549970806723678,0.9518848073258548,0.9581093537891201,0.9644350209273398,0.929738839622587
2020-11-20 20:30:00,0.95348024,0.94817716,0.9505209,0.95638055,0.0,0.9525878123487679,0.9499277635177376,0.9552478611797983,0.9644350209273398,0.929738839622587
2020-11-20 21:00:00,0.94981885,0.9445314,0.9462241,0.95299506,0.0,0.9536668227051756,0.9512303199354465,0.9561033257046652,0.9644350209273398,0.929738839622587
2020-11-20 21:30:00,0.95125455,0.94570327,0.94752616,0.9546877,0.0,0.9517300343641504,0.9494307037433148,0.9540293647552254,0.9644350209273398,0.929738839622587
2020-11-20 22:00:00,0.95302254,0.947396,0.9490886,0.9562503,0.0,0.9519406517949854,0.9503746809073835,0.953506622567707,0.9644350209273398,0.929738839622587
2020-11-20 22:30:00,0.95325893,0.94791675,0.94960946,0.9567712,0.0,0.9525715048585249,0.9509105440350126,0.9542324657969175,0.9644350209273398,0.929738839622587
2020-11-20 23:00:00,0.94842523,0.94296896,0.9445314,0.9522137,0.0,0.9528199808668693,0.9508575160865248,0.9547824456472137,0.9644350209273398,0.929738839622587
2020-11-20 23:30:00,0.9489953,0.9427086,0.9453126,0.95312524,0.0,0.9511712930518749,0.9495974756091095,0.9527451103797601,0.9644350209273398,0.929738839622587
2020-11-21 00:00:00,0.951532,0.94570327,0.9473959,0.95585966,0.0,0.950659834925697,0.9489043713162432,0.9524152986500309,0.9644350209273398,0.929738839622587
2020-11-21 00:30:00,0.9518897,0.94583344,0.94778657,0.95585966,0.0,0.9511590916137923,0.9495163660870617,0.9528018171405228,0.9644350209273398,0.929738839622587
2020-11-21 01:00:00,0.9507442,0.9451824,0.9468751,0.9546877,0.0,0.9512411345383861,0.9494733872939856,0.9530088817827868,0.9644350209273398,0.929738839622587
2020-11-21 01:30:00,0.9492195,0.94361997,0.9447918,0.9532554,0.0,0.950187653330376,0.9481630599123593,0.9522122467771129,0.9644350209273398,0.929738839622587
2020-11-21 02:00:00,0.9507884,0.9455731,0.9467449,0.9546877,0.0,0.9497800080774152,0.9469314519678612,0.9526285643018497,0.9644350209273398,0.929738839622587
2020-11-21 02:30:00,0.9490643,0.9434898,0.9453126,0.952995,0.0,0.9496703184012475,0.947005820428001,0.9523348162596138,0.9644350209273398,0.929738839622587
2020-11-21 03:00:00,0.9505544,0.94479185,0.9466147,0.9545575,0.0,0.9499591209465132,0.9479944751203394,0.9519237668014071,0.9644350209273398,0.929738839622587
2020-11-21 03:30:00,0.94824934,0.9428387,0.94375014,0.9524742,0.0,0.9502518120037059,0.9478080202360541,0.9526956036277573,0.9644350209273398,0.929738839622587
2020-11-21 04:00:00,0.9488372,0.9430992,0.9446616,0.9531252,0.0,0.9501795058462317,0.9478640027913214,0.9524950088149816,0.9644350209273398,0.929738839622587
2020-11-21 04:30:00,0.9516355,0.9458335,0.9476563,0.9555991,0.0,0.9500053048500721,0.9480280422288626,0.9519825673707613,0.9644350209273398,0.929738839622587
2020-11-21 05:00:00,0.9496648,0.94401056,0.9459636,0.9536462,0.0,0.9505678927932203,0.9488112473812629,0.9523245381477375,0.9644350209273398,0.929738839622587
2020-11-21 05:30:00,0.95137477,0.9459636,0.9475261,0.95481807,0.0,0.9500638018194781,0.947392190493128,0.9527354131027482,0.9644350209273398,0.929738839622587
2020-11-21 06:00:00,0.9525515,0.94648457,0.948698,0.95703155,0.0,0.9503846301169226,0.9482350963021376,0.9525341639317075,0.9644350209273398,0.929738839622587
2020-11-21 06:30:00,0.95110255,0.9454429,0.94726574,0.95520854,0.0,0.950947818273808,0.9487375839416063,0.9531580524911295,0.9644350209273398,0.929738839622587
2020-11-21 07:00:00,0.95265085,0.94726574,0.94960934,0.9553387,0.0,0.9508514462702878,0.9489258993125665,0.9527769933428893,0.9644350209273398,0.929738839622587
2020-11-21 07:30:00,0.9521636,0.9489586,0.951172,0.9507814,0.0,0.9506781470774082,0.9467230664317542,0.9546332276081818,0.9644350209273398,0.929738839622587
2020-11-21 08:00:00,0.95292294,0.948568,0.9522136,0.9519532,0.0,0.9499379175157953,0.9454404245163675,0.9544354106013834,0.9644350209273398,0.929738839622587
2020-11-21 08:30:00,0.95603067,0.9515626,0.9565102,0.9553384,0.0,0.9514197465436779,0.9434866614602393,0.9593528311675953,0.9644350209273398,0.929738839622587
2020-11-21 09:00:00,0.9572149,0.952474,0.957031,0.9567706,0.0,0.9544129956141605,0.9495123521689126,0.959313638599887,0.9644350209273398,0.929738839622587
2020-11-21 09:30:00,0.9581553,0.9527344,0.9572915,0.9574217,0.0,0.9545670547095976,0.9497605818738651,0.9593735270858089,0.9644350209273398,0.929738839622587
2020-11-21 10:00:00,0.95832753,0.95247394,0.95781255,0.958594,0.0,0.9561191713760485,0.950740477861352,0.9614978644312238,0.9644350209273398,0.929738839622587
2020-11-21 10:30:00,0.9568842,0.9518229,0.9570315,0.9567711,0.0,0.9557766842120636,0.9509865128927979,0.9605668559908507,0.9644350209273398,0.929738839622587
2020-11-21 11:00:00,0.9574963,0.9522135,0.9570313,0.95729184,0.0,0.9542549947454111,0.9481880215663688,0.9603219679244535,0.9644350209273398,0.929738839622587
2020-11-21 11:30:00,0.9507619,0.9449219,0.9514324,0.95000005,0.0,0.9539711080292747,0.9484326394342691,0.9595095766242802,0.9644350209273398,0.929738839622587
2020-11-21 12:00:00,0.9538352,0.9484375,0.9537762,0.95338565,0.0,0.9472606086500436,0.9439432969202338,0.9505779206096139,0.9644350209273398,0.929738839622587
2020-11-21 12:30:00,0.95106655,0.9450521,0.95156264,0.9507815,0.0,0.9524919598914648,0.9497766761462465,0.9552072436366831,0.9644350209273398,0.929738839622587
2020-11-21 13:00:00,0.94704753,0.94192713,0.948047,0.9458336,0.0,0.9507171886923845,0.9483445294505657,0.9530898478193232,0.9644350209273398,0.929738839622587
2020-11-21 13:30:00,0.9449306,0.93906265,0.9462241,0.94361997,0.0,0.9473732524734695,0.9448586926664991,0.9498878120506793,0.9644350209273398,0.929738839622587
2020-11-21 14:00:00,0.94350165,0.938672,0.944922,0.94153666,0.0,0.945154398728796,0.9422234531581828,0.9480853440696486,0.9644350209273398,0.929738839622587
2020-11-21 14:30:00,0.94495636,0.9398438,0.9459637,0.94362,0.0,0.9433787484081178,0.9399120015154839,0.9468454955305121,0.9644350209273398,0.929738839622587
2020-11-21 15:00:00,0.9469098,0.9419272,0.9476564,0.94583356,0.0,0.943786460937862,0.9406791869528262,0.9468937346931373,0.9644350209273398,0.929738839622587
2020-11-21 15:30:00,0.9472485,0.94127613,0.9466146,0.9483075,0.0,0.9454732894764153,0.9433313520074714,0.9476152269453592,0.9644350209273398,0.929738839622587
2020-11-21 16:00:00,0.94873005,0.94153655,0.9462241,0.9526044,0.0,0.9461035748014461,0.9435427115651308,0.9486644380377615,0.9644350209273398,0.929738839622587
2020-11-21 16:30:00,0.9473851,0.9403648,0.94505215,0.9513023,0.0,0.9473316729226102,0.9449273543321921,0.949735991742789,0.9644350209273398,0.929738839622587
2020-11-21 17:00:00,0.94697833,0.941146,0.94348973,0.95013034,0.0,0.9470270418087678,0.9449510398956807,0.9491030434920944,0.9644350209273398,0.929738839622587
2020-11-21 17:30:00,0.94856095,0.9429689,0.9454428,0.9520836,0.0,0.947113400097453,0.9455186331956223,0.9487081672290444,0.9644350209273398,0.929738839622587
2020-11-21 18:00:00,0.9501788,0.9442709,0.94687504,0.9533857,0.0,0.9478280422663495,0.9459699832421596,0.9496861010607789,0.9644350209273398,0.929738839622587
2020-11-21 18:30:00,0.95013654,0.9438803,0.9473959,0.95312524,0.0,0.9497138210198325,0.9481118177783427,0.951315824203882,0.9644350209273398,0.929738839622587
2020-11-21 19:00:00,0.9487004,0.9428386,0.94505215,0.95195335,0.0,0.9504750656802496,0.9493901269252708,0.9515600043777884,0.9644350209273398,0.929738839622587
2020-11-21 19:30:00,0.9507939,0.944922,0.9476563,0.9539066,0.0,0.9501145279667722,0.9489751609099807,0.951253895098954,0.9644350209273398,0.929738839622587
2020-11-21 20:00:00,0.948978,0.94283867,0.9454428,0.9522137,0.0,0.9506903087094623,0.9493854576723741,0.9519951597465504,0.9644350209273398,0.929738839622587
2020-11-21 20:30:00,0.9497978,0.944271,0.9464844,0.9528649,0.0,0.9504413276585403,0.9491472343873568,0.9517354209871638,0.9644350209273398,0.929738839622587
2020-11-21 21:00:00,0.9507718,0.94479185,0.94739586,0.9541669,0.0,0.9504898226883434,0.9492950234301707,0.9516846219465159,0.9644350209273398,0.929738839622587
2020-11-21 21:30:00,0.9512145,0.94544286,0.9476563,0.95442736,0.0,0.9507181047480033,0.9497249560526863,0.9517112535007606,0.9644350209273398,0.929738839622587
2020-11-21 22:00:00,0.9505073,0.94479185,0.9471355,0.9541669,0.0,0.9511224577753037,0.9499009756113864,0.9523439400541014,0.9644350209273398,0.929738839622587
2020-11-21 22:30:00,0.95044535,0.9438803,0.9466147,0.9542971,0.0,0.9512235164935282,0.9498154669774989,0.9526315658946773,0.9644350209273398,0.929738839622587
2020-11-21 23:00:00,0.95085704,0.94427097,0.94726574,0.9546877,0.0,0.951126822997451,0.9500082816359321,0.9522453644738502,0.9644350209273398,0.929738839622587
2020-11-21 23:30:00,0.9496542,0.9432293,0.9458335,0.95442736,0.0,0.9513667002143399,0.9501736230120646,0.9525597774166151,0.9644350209273398,0.929738839622587
2020-11-22 00:00:00,0.94804686,0.9411461,0.9442709,0.9528648,0.0,0.9514391691284981,0.9500124621305355,0.9528658762413411,0.9644350209273398,0.929738839622587
2020-11-22 00:30:00,0.9486995,0.9416669,0.94479185,0.9535158,0.0,0.9510739408320809,0.9500785395635792,0.9520693421005825,0.9644350209273398,0.929738839622587
2020-11-22 01:00:00,0.94914913,0.9412763,0.94544286,0.9540367,0.0,0.9508325382343911,0.9494779132336912,0.9521871633499712,0.9644350209273398,0.929738839622587
2020-11-22 01:30:00,0.9505804,0.94309914,0.9468751,0.95546895,0.0,0.95062088843162,0.9495323994154368,0.9517093775052433,0.9644350209273398,0.929738839622587
2020-11-22 02:00:00,0.9512147,0.9441408,0.9479167,0.9555992,0.0,0.950562332097812,0.9493442932415272,0.951780371011537,0.9644350209273398,0.929738839622587
2020-11-22 02:30:00,0.9498525,0.9429689,0.94674486,0.9544274,0.0,0.9510612189861787,0.9498164760861715,0.9523059620010661,0.9644350209273398,0.929738839622587
2020-11-22 03:00:00,0.9487456,0.94127625,0.94570327,0.9532555,0.0,0.9510896326787246,0.9501295527985715,0.9520497125014376,0.9644350209273398,0.929738839622587
2020-11-22 03:30:00,0.9490401,0.94270855,0.9457032,0.9532555,0.0,0.9509000027323384,0.9496682299345907,0.9521317754152059,0.9644350209273398,0.929738839622587
2020-11-22 04:00:00,0.9508678,0.94375014,0.9472657,0.9550784,0.0,0.950800595590939,0.9495585012565565,0.9520426898678814,0.9644350209273398,0.929738839622587
2020-11-22 04:30:00,0.9503106,0.9434898,0.94674486,0.954167,0.0,0.9511309381251561,0.9500753999994953,0.9521864763656973,0.9644350209273398,0.929738839622587
2020-11-22 05:00:00,0.9515253,0.94466156,0.9481772,0.9557294,0.0,0.951109389680137,0.9498738972876031,0.952344882072671,0.9644350209273398,0.929738839622587
2020-11-22 05:30:00,0.9511879,0.94440114,0.94791675,0.9553388,0.0,0.9515017221484081,0.9505619927988065,0.9524414513831294,0.9644350209273398,0.929738839622587
2020-11-22 06:00:00,0.9499857,0.9432293,0.9464845,0.9542971,0.0,0.9513518091983607,0.9501489555665377,0.9525546627153034,0.9644350209273398,0.929738839622587
2020-11-22 06:30:00,0.948383,0.9414065,0.94518244,0.9524741,0.0,0.9516110914233818,0.9502877900335656,0.9529343926983179,0.9644350209273398,0.929738839622587
2020-11-22 07:00:00,0.95080715,0.9438804,0.9471355,0.9553388,0.0,0.9512963516461255,0.9504294997825166,0.9521632034522942,0.9644350209273398,0.929738839622587
2020-11-22 07:30:00,0.95016724,0.9434898,0.94648445,0.95455754,0.0,0.9512117851456878,0.9499402014943854,0.9524833689118707,0.9644350209273398,0.929738839622587
2020-11-22 08:00:00,0.9484799,0.94127625,0.94479173,0.9528649,0.0,0.9513514961495068,0.950346964997861,0.9523560273011525,0.9644350209273398,0.929738839622587
2020-11-22 08:30:00,0.9516919,0.9450523,0.9483074,0.9559899,0.0,0.9508824854949556,0.9498659292465081,0.9518990416859628,0.9644350209273398,0.929738839622587
2020-11-22 09:00:00,0.9487669,0.94127625,0.9455731,0.9535159,0.0,0.9514512879676355,0.9501828419274517,0.9527197340078193,0.9644350209273398,0.929738839622587
2020-11-22 09:30:00,0.9509667,0.94375014,0.9477865,0.95546895,0.0,0.9511039307974065,0.950014731935767,0.9521931297739262,0.9644350209273398,0.929738839622587
2020-11-22 10:00:00,0.95130426,0.9436199,0.94856775,0.95612,0.0,0.9511328723649923,0.9501426834460688,0.9521230612839158,0.9644350209273398,0.929738839622587
2020-11-22 10:30:00,0.9507553,0.9428388,0.9481771,0.9549482,0.0,0.951271414921144,0.9503589415002901,0.9521838883419977,0.9644350209273398,0.929738839622587
2020-11-22 11:00:00,0.95085835,0.9432294,0.9483073,0.9552086,0.0,0.9513924294986034,0.9503746228928253,0.9524102361043815,0.9644350209273398,0.929738839622587
2020-11-22 11:30:00,0.9500301,0.9414065,0.94752604,0.9542971,0.0,0.9512618765236054,0.9500974224406873,0.9524263306065235,0.9644350209273398,0.929738839622587
2020-11-22 12:00:00,0.951354,0.94335955,0.9483074,0.9558597,0.0,0.9512347066402124,0.9500224645296597,0.9524469486358846,0.9644350209273398,0.929738839622587
2020-11-22 12:30:00,0.94836456,0.939844,0.9457032,0.9526044,0.0,0.951275448254066,0.9499214248815672,0.9526294716265646,0.9644350209273398,0.929738839622587
2020-11-22 13:00:00,0.94916797,0.9411461,0.946875,0.9535159,0.0,0.9505369470524075,0.9494047457323475,0.9516691483724676,0.9644350209273398,0.929738839622587
2020-11-22 13:30:00,0.9504462,0.94218767,0.9484375,0.9549482,0.0,0.9500592898467055,0.9486867474499763,0.951431832297285,0.9644350209273398,0.929738839622587
2020-11-22 14:00:00,0.9497822,0.9416669,0.947526,0.9533857,0.0,0.9501661601715078,0.9489360339389314,0.951396286375364,0.9644350209273398,0.929738839622587
2020-11-22 14:30:00,0.9505442,0.9424481,0.9484375,0.95455754,0.0,0.9499830836013178,0.9487853028112923,0.951180864305183,0.9644350209273398,0.929738839622587
2020-11-22 15:00:00,0.9498718,0.9415367,0.94804686,0.95416695,0.0,0.9504240219158142,0.9491981453214299,0.9516498984527584,0.9644350209273398,0.929738839622587
2020-11-22 15:30:00,0.9506195,0.9432293,0.94817716,0.9542971,0.0,0.9504217086858243,0.949034280501965,0.9518091368122433,0.9644350209273398,0.929738839622587
2020-11-22 16:00:00,0.9512617,0.9445314,0.9484375,0.954818,0.0,0.9505025105296728,0.9493881697668121,0.9516168512925335,0.9644350209273398,0.929738839622587
2020-11-22 16:30:00,0.9533276,0.9466148,0.9501303,0.95729196,0.0,0.9509420258935278,0.949742116873897,0.9521419349705988,0.9644350209273398,0.929738839622587
2020-11-22 17:00:00,0.9503563,0.9450522,0.94700533,0.9539065,0.0,0.9526586351429159,0.9508296460076218,0.9544876241633297,0.9644350209273398,0.929738839622587
2020-11-22 17:30:00,0.9503675,0.9438803,0.9470053,0.95390654,0.0,0.9523493931928163,0.9509260061210296,0.9537727802646029,0.9644350209273398,0.929738839622587
2020-11-22 18:00:00,0.9494008,0.9434897,0.94557303,0.95273465,0.0,0.9521594948860181,0.9506293076077055,0.9536896820494505,0.9644350209273398,0.929738839622587
2020-11-22 18:30:00,0.95218885,0.94648445,0.94856775,0.9558597,0.0,0.9518792965172226,0.9504990364341163,0.9532595566003289,0.9644350209273398,0.929738839622587
2020-11-22 19:00:00,0.9526023,0.9467449,0.9489584,0.9562503,0.0,0.9522671143040587,0.9510939517189859,0.9534402768891316,0.9644350209273398,0.929738839622587
2020-11-22 19:30:00,0.9482868,0.9423178,0.9449219,0.95169306,0.0,0.9524474283760733,0.9505878497150981,0.9543070070370485,0.9644350209273398,0.929738839622587
2020-11-22 20:00:00,0.95221215,0.9464845,0.94856775,0.95585966,0.0,0.9504420056247096,0.9471702065743278,0.9537138048474118,0.9644350209273398,0.929738839622587
2020-11-22 20:30:00,0.9499462,0.94361985,0.94661474,0.9536461,0.0,0.9510386374225014,0.9480037705460151,0.9540735040692271,0.9644350209273398,0.929738839622587
2020-11-22 21:00:00,0.9516305,0.94570327,0.948047,0.9553387,0.0,0.9510510400160128,0.9488627922249052,0.9532392878071204,0.9644350209273398,0.929738839622587
2020-11-22 21:30:00,0.9492963,0.94335955,0.9459636,0.9528648,0.0,0.9512132824956923,0.9485974478806279,0.9538291171107567,0.9644350209273398,0.929738839622587
2020-11-22 22:00:00,0.9519445,0.94583344,0.9484376,0.9553388,0.0,0.9508864694867829,0.9485360058682285,0.9532369332202176,0.9644350209273398,0.929738839622587
2020-11-22 22:30:00,0.9515792,0.9450523,0.94752616,0.95533884,0.0,0.9511769857160431,0.9495762531944196,0.9527777182376667,0.9644350209273398,0.929738839622587
2020-11-22 23:00:00,0.9527703,0.94648445,0.94921875,0.95703155,0.0,0.9516543555791563,0.9497594080268231,0.9535493031314897,0.9644350209273398,0.929738839622587
2020-11-22 23:30:00,0.950392,0.9438804,0.9464845,0.9549482,0.0,0.9518162964980132,0.9499097818766878,0.9537228112342191,0.9644350209273398,0.929738839622587
